{
  "u10": {
    "method": "zscore",
    "mean": -0.05781092758620564,
    "std": 5.409309833539476,
    "n_samples": 11706156000
  },
  "v10": {
    "method": "zscore",
    "mean": 0.3120179892545185,
    "std": 4.603062598617275,
    "n_samples": 11706156000
  },
  "mslp": {
    "method": "zscore",
    "mean": 100950.00219572036,
    "std": 1306.482419633291,
    "n_samples": 11706156000
  },
  "t2": {
    "method": "zscore",
    "mean": 279.9651502072428,
    "std": 21.083341947691387,
    "n_samples": 11706156000
  },
  "u850": {
    "method": "zscore",
    "mean": 1.4492157295302361,
    "std": 7.936472773411623,
    "n_samples": 11706156000
  },
  "v850": {
    "method": "zscore",
    "mean": 0.19055709166694393,
    "std": 5.902460577000337,
    "n_samples": 11706156000
  },
  "q850": {
    "method": "log1p+zscore",
    "mean_log": 0.004985825563050079,
    "std_log": 0.004179754352717419,
    "n_samples": 11706156000
  },
  "t850": {
    "method": "zscore",
    "mean": 275.8602496898874,
    "std": 15.505306440035827,
    "n_samples": 11706156000
  },
  "u700": {
    "method": "zscore",
    "mean": 3.316485456266816,
    "std": 8.85578905467101,
    "n_samples": 11706156000
  },
  "v700": {
    "method": "zscore",
    "mean": 0.03058129769167439,
    "std": 6.441973988393099,
    "n_samples": 11706156000
  },
  "q700": {
    "method": "log1p+zscore",
    "mean_log": 0.0026475977828782516,
    "std_log": 0.0025988069379806545,
    "n_samples": 11706156000
  },
  "t700": {
    "method": "zscore",
    "mean": 268.6542147461493,
    "std": 14.866629990483183,
    "n_samples": 11706156000
  },
  "u500": {
    "method": "zscore",
    "mean": 6.513262515193853,
    "std": 11.559184798467316,
    "n_samples": 11706156000
  },
  "v500": {
    "method": "zscore",
    "mean": -0.02359450155287761,
    "std": 8.547175814566387,
    "n_samples": 11706156000
  },
  "q500": {
    "method": "log1p+zscore",
    "mean_log": 0.0009630307266497694,
    "std_log": 0.001160770551437775,
    "n_samples": 11706156000
  },
  "t500": {
    "method": "zscore",
    "mean": 254.09992987102987,
    "std": 13.141172465623226,
    "n_samples": 11706156000
  }
}