{
  "channels": [
    "msl",
    "vo_850",
    "t_500"
  ],
  "stats": {
    "msl": {
      "method": "zscore",
      "mean": 101329.40640626683,
      "std": 742.7288783552061,
      "shift": 0.0
    },
    "vo_850": {
      "method": "zscore",
      "mean": -8.04816824078903e-07,
      "std": 3.936656769048564e-05,
      "shift": 0.0
    },
    "t_500": {
      "method": "zscore",
      "mean": 261.67027062348757,
      "std": 8.789753346748077,
      "shift": 0.0
    }
  }
}